"https://docs.google.com/document/d/1ncf7lKmu8oWXvZh-GzRVcdMyRLOUfieQzXYNWj6ZOiQ/edit?ts=60551404","HackPSU Ideas - Google Docs","2021-03-19 22:30:20"
"https://textblob.readthedocs.io/en/dev/","TextBlob: Simplified Text Processing — TextBlob 0.16.0 documentation","2021-03-19 22:27:46"
"https://hangouts.google.com/webchat/u/0/load?client=sm&prop=gmail&nav=true&fid=gtn-roster-iframe-id&os=Win32&stime=1616204583234&xpc=%7B%22cn%22%3A%222vp38c%22%2C%22tp%22%3A1%2C%22ifrid%22%3A%22gtn-roster-iframe-id%22%2C%22pu%22%3A%22https%3A%2F%2Fhangouts.google.com%2Fwebchat%2Fu%2F0%2F%22%7D&ec=%5B%22ci%3Aec%22%2Ctrue%2Ctrue%2Cfalse%5D&pvt=AMP3uWZO8iW0J45d-WedKMdDqoQXxIgKvcYIxY6FU1N8XFL3MIVI-s7Pl13RVMx1rqVbcE-oKM1x8EWi1a9b9XJpcj_6eFZTug%3D%3D&href=https%3A%2F%2Fmail.google.com%2Fmail%2Fu%2F0%2F%3Frel%3D1%26tab%3Drm%26ogbl%23inbox&pos=l&uiv=2&hl=en&hpc=true&hsm=true&hrc=true&uqp=false&gooa=false&gusm=true&sl=false&hs=%5B%22h_hs%22%2Cnull%2Cnull%2C%5B2%2C0%5D%5D&moleh=380&mmoleh=36&two=https%3A%2F%2Fmail.google.com&host=1&zx=0.6733687401113202&hb=1&tn=naxs7pvvu5py&rld=1","","2021-03-19 22:10:05"
"https://hangouts.google.com/webchat/u/0/load?client=sm&prop=gmail&nav=true&fid=gtn-roster-iframe-id&os=Win32&stime=1616204583234&xpc=%7B%22cn%22%3A%222vp38c%22%2C%22tp%22%3A1%2C%22ifrid%22%3A%22gtn-roster-iframe-id%22%2C%22pu%22%3A%22https%3A%2F%2Fhangouts.google.com%2Fwebchat%2Fu%2F0%2F%22%7D&ec=%5B%22ci%3Aec%22%2Ctrue%2Ctrue%2Cfalse%5D&pvt=AMP3uWZO8iW0J45d-WedKMdDqoQXxIgKvcYIxY6FU1N8XFL3MIVI-s7Pl13RVMx1rqVbcE-oKM1x8EWi1a9b9XJpcj_6eFZTug%3D%3D&href=https%3A%2F%2Fmail.google.com%2Fmail%2Fu%2F0%2F%3Frel%3D1%26tab%3Drm%26ogbl%23inbox&pos=l&uiv=2&hl=en&hpc=true&hsm=true&hrc=true&uqp=false&gooa=false&gusm=true&sl=false&hs=%5B%22h_hs%22%2Cnull%2Cnull%2C%5B2%2C0%5D%5D&moleh=380&mmoleh=36&two=https%3A%2F%2Fmail.google.com&host=1&zx=0.41384554728644396&hb=1&tn=5ea6ysdld2uz&rld=1","","2021-03-19 22:10:05"
"https://thispointer.com/python-how-to-get-last-n-characters-in-a-string/","Python: How to get Last N characters in a string? – thispointer.com","2021-03-19 22:06:30"
"https://www.google.com/search?q=python+last+element+in+string&rlz=1C1CHBF_enUS909US909&oq=python+last+element+in+string&aqs=chrome.0.0j0i22i30l8.5385j0j7&sourceid=chrome&ie=UTF-8","python last element in string - Google Search","2021-03-19 22:06:28"
"https://hangouts.google.com/webchat/u/0/load?client=sm&prop=gmail&nav=true&fid=gtn-roster-iframe-id&os=Win32&stime=1616204583234&xpc=%7B%22cn%22%3A%222vp38c%22%2C%22tp%22%3A1%2C%22ifrid%22%3A%22gtn-roster-iframe-id%22%2C%22pu%22%3A%22https%3A%2F%2Fhangouts.google.com%2Fwebchat%2Fu%2F0%2F%22%7D&ec=%5B%22ci%3Aec%22%2Ctrue%2Ctrue%2Cfalse%5D&pvt=AMP3uWZO8iW0J45d-WedKMdDqoQXxIgKvcYIxY6FU1N8XFL3MIVI-s7Pl13RVMx1rqVbcE-oKM1x8EWi1a9b9XJpcj_6eFZTug%3D%3D&href=https%3A%2F%2Fmail.google.com%2Fmail%2Fu%2F0%2F%3Frel%3D1%26tab%3Drm%26ogbl%23inbox&pos=l&uiv=2&hl=en&hpc=true&hsm=true&hrc=true&pal=1&uqp=false&gooa=false&gusm=true&sl=false&hs=%5B%22h_hs%22%2Cnull%2Cnull%2C%5B2%2C0%5D%5D&moleh=380&mmoleh=36&two=https%3A%2F%2Fmail.google.com&host=1&zx=xcr8t09m00ov","","2021-03-19 22:01:09"
"https://thispointer.com/python-check-if-string-is-empty-or-blank-or-contain-spaces-only/","Python: Check if string is empty or blank or contain spaces only – thispointer.com","2021-03-19 22:00:37"
"https://www.google.com/search?q=python+isblank&rlz=1C1CHBF_enUS909US909&oq=python+isblank&aqs=chrome..69i57j0i20i263j0i22i30.2211j0j4&sourceid=chrome&ie=UTF-8","python isblank - Google Search","2021-03-19 22:00:35"
"https://www.w3schools.com/python/python_ref_string.asp","Python String Methods","2021-03-19 22:00:12"
"https://www.google.com/search?q=python+string+methods&rlz=1C1CHBF_enUS909US909&sxsrf=ALeKk00ilKyxb2ftdaqiSuTA3disDUT9RQ%3A1616205601935&ei=IVdVYKa-OLOh5NoPg6ammAs&oq=python+string+methods&gs_lcp=Cgdnd3Mtd2l6EAMyBAgjECcyAggAMgIIADICCAAyAggAMgIIADICCAAyAggAMgIIADICCAA6BwgAEEcQsAM6BAgAEEM6BQgAELEDUOc5WMVBYLhCaAFwAngAgAGCAYgBlAaSAQM4LjGYAQCgAQGqAQdnd3Mtd2l6yAEIwAEB&sclient=gws-wiz&ved=0ahUKEwjm0qWG473vAhWzEFkFHQOTCbMQ4dUDCA0&uact=5","python string methods - Google Search","2021-03-19 22:00:11"
"https://www.google.com/search?q=python+string+is+blank&rlz=1C1CHBF_enUS909US909&sxsrf=ALeKk03C-NZVJC_kO8jDbu-ozn24bJJzZA%3A1616205459798&ei=k1ZVYIWGMJew5NoP29ariA0&oq=python+string+is+blank&gs_lcp=Cgdnd3Mtd2l6EAMyAggAMgYIABAWEB4yBggAEBYQHjIGCAAQFhAeMgYIABAWEB4yBggAEBYQHjIGCAAQFhAeMgYIABAWEB4yBggAEBYQHjIGCAAQFhAeOgQIIxAnOgQIABBDOgUIABCRAjoFCAAQsQM6BwgAELEDEEM6CAgAELEDEJECOgcIABCHAhAUOgoIABCHAhCxAxAUOgQIABAKOggIABAWEAoQHlDMtQhYrM8IYL_QCGgCcAJ4AIABhAKIAdcRkgEGMjIuMi4xmAEAoAEBqgEHZ3dzLXdpesABAQ&sclient=gws-wiz&ved=0ahUKEwjFm8LC4r3vAhUXGFkFHVvrCtEQ4dUDCA0&uact=5","python string is blank - Google Search","2021-03-19 22:00:02"
"https://www.google.com/search?q=python+only+last+element+in+string&rlz=1C1CHBF_enUS909US909&oq=python+only+last+element+in+string&aqs=chrome..69i57j33i22i29i30l3.10561j0j7&sourceid=chrome&ie=UTF-8","python only last element in string - Google Search","2021-03-19 21:57:40"
"https://www.google.com/url?q=https://github.com/parkersell/HackPsu2021/invitations&source=gmail&ust=1616291239623000&usg=AFQjCNEkAF6pwJcc8YEo3jzfb5QDHIDf_g","parkersell/HackPsu2021","2021-03-19 21:54:45"
"https://github.com/parkersell/HackPsu2021/invitations","parkersell/HackPsu2021","2021-03-19 21:54:45"
"https://github.com/parkersell/HackPsu2021","parkersell/HackPsu2021","2021-03-19 21:54:45"
"https://github.com/DSWhiteHat?tab=repositories","Your Repositories","2021-03-19 21:54:37"
"https://github.com/DSWhiteHat","DSWhiteHat (Daniel Stebbins)","2021-03-19 21:54:28"
"https://github.com/parkersell/HackPsu2021/blob/main/chrome_history.csv?raw=true","","2021-03-19 21:53:34"
"https://github.com/parkersell/HackPsu2021/raw/main/chrome_history.csv","","2021-03-19 21:53:34"
"https://raw.githubusercontent.com/parkersell/HackPsu2021/main/chrome_history.csv?token=AIBUME556ZKCIYHHJMMOXCDAKVK5U","","2021-03-19 21:53:34"
"https://github.com/parkersell/HackPsu2021/blob/main/chrome_history.csv","HackPsu2021/chrome_history.csv at main · parkersell/HackPsu2021","2021-03-19 21:53:33"
"https://pandas.pydata.org/docs/getting_started/install.html","Installation — pandas 1.2.3 documentation","2021-03-19 21:50:03"
"https://www.google.com/search?q=python+import+pandas&rlz=1C1CHBF_enUS909US909&oq=python+import+pandas&aqs=chrome..69i57j0l9.3828j0j4&sourceid=chrome&ie=UTF-8","python import pandas - Google Search","2021-03-19 21:50:00"
"https://pandas.pydata.org/","pandas - Python Data Analysis Library","2021-03-19 21:49:48"
"https://www.google.com/search?q=python+pandas&rlz=1C1CHBF_enUS909US909&oq=python+pandas&aqs=chrome..69i57j0i433l2j0l7.2466j0j7&sourceid=chrome&ie=UTF-8","python pandas - Google Search","2021-03-19 21:49:46"
"https://github.com/repository_invitations/42296962/accept","parkersell/HackPsu2021","2021-03-19 21:47:58"
"https://mail.google.com/mail/u/0/?tab=rm&ogbl#inbox/FMfcgxwLswPBqTDrTmCxszqTHlsWGMhS","parkersell invited you to parkersell/HackPsu2021 - danrstebb@gmail.com - Gmail","2021-03-19 21:47:53"
"https://github.com/","GitHub","2021-03-19 21:46:03"
"https://github.com/session","GitHub","2021-03-19 21:46:03"
"https://github.com/login","Sign in to GitHub · GitHub","2021-03-19 21:46:00"
"https://www.google.com/search?q=github&rlz=1C1CHBF_enUS909US909&oq=github&aqs=chrome..69i57j0i433j0j0i433l2j0j0i433j69i60.1098j0j7&sourceid=chrome&ie=UTF-8","github - Google Search","2021-03-19 21:45:57"
"https://mail.google.com/mail/u/0/?tab=rm&ogbl#inbox","Inbox (9,333) - danrstebb@gmail.com - Gmail","2021-03-19 21:43:02"
"https://mail.google.com/mail/?tab=rm&ogbl","Inbox (9,333) - danrstebb@gmail.com - Gmail","2021-03-19 21:43:01"
"https://mail.google.com/mail/u/0/?tab=rm&ogbl","Inbox (9,333) - danrstebb@gmail.com - Gmail","2021-03-19 21:43:01"
"https://www.youtube.com/watch?v=5i0mCAn_VoA","(2) Gojo's Limitless Curse Powers and Six Eyes Explained... ACCURATELY | Jujutsu Kaisen - YouTube","2021-03-19 21:38:11"
"https://www.youtube.com/watch?v=jhQtDUfEQWY","(2) Satoru Gojo being funny for 2 minutes straight - YouTube","2021-03-19 21:34:06"
"https://www.youtube.com/results?search_query=gojo+satoru","(2) gojo satoru - YouTube","2021-03-19 21:34:01"
"https://www.youtube.com/watch?v=u9rT73uzVKI","(2) TVアニメ『呪術廻戦』ノンクレジットEDムービー／第2クールEDテーマ：Cö shu Nie「give it back」 - YouTube","2021-03-19 21:27:56"
"https://www.youtube.com/","(2) YouTube","2021-03-19 21:27:51"
"https://www.youtube.com/results?search_query=jujutsu+kaisen+ending+2","(2) jujutsu kaisen ending 2 - YouTube","2021-03-19 21:27:51"
"https://www.google.com/search?q=youtube&rlz=1C1CHBF_enUS909US909&oq=youtube&aqs=chrome.0.69i59j35i39j0i433j0j0i433j69i60l3.935j0j4&sourceid=chrome&ie=UTF-8","youtube - Google Search","2021-03-19 21:23:35"
"https://web.njit.edu/~cm395/theBeeMovieScript/","","2021-03-19 20:53:08"
"https://www.google.com/search?q=bee+movie+script&rlz=1C1CHBF_enUS909US909&oq=bee+movie+script&aqs=chrome..69i57j0i67j0j0i67l2j0j0i67j69i60.2690j0j7&sourceid=chrome&ie=UTF-8","bee movie script - Google Search","2021-03-19 20:53:07"
"https://stackoverflow.com/questions/265960/best-way-to-strip-punctuation-from-a-string","python - Best way to strip punctuation from a string - Stack Overflow","2021-03-19 20:41:51"
"https://www.google.com/search?q=python+remove+punctuation&rlz=1C1CHBF_enUS909US909&oq=python+remove+punctuation&aqs=chrome.0.0j0i20i263l2j0l7.5967j0j7&sourceid=chrome&ie=UTF-8","python remove punctuation - Google Search","2021-03-19 20:41:49"
"https://www.nltk.org/install.html","Installing NLTK — NLTK 3.5 documentation","2021-03-19 20:36:29"
"https://www.nltk.org/","Natural Language Toolkit — NLTK 3.5 documentation","2021-03-19 20:35:55"
"https://www.google.com/search?q=python+nltk&rlz=1C1CHBF_enUS909US909&oq=python+nltk&aqs=chrome..69i57j0l9.2050j0j7&sourceid=chrome&ie=UTF-8","python nltk - Google Search","2021-03-19 20:35:48"
"https://gist.githubusercontent.com/Rhomboid/8a61864a5fe1fca3013ba94ed0be9e83/raw/17cc35afc904e36a8141053636a96fdf9729fd0a/nouns.txt","","2021-03-19 20:33:30"
"https://www.reddit.com/r/learnprogramming/comments/4yoap9/large_word_list_of_english_nouns/","Large word list of English nouns? : learnprogramming","2021-03-19 20:30:15"
"https://www.google.com/search?q=text+file+of+nouns&rlz=1C1CHBF_enUS909US909&sxsrf=ALeKk03j9uiXdMIQHCf-nZYSfZSX5LaTlQ%3A1616200190698&ei=_kFVYOH9Kbyz5NoPi8CymA0&oq=text+file+of+nouns&gs_lcp=Cgdnd3Mtd2l6EAMyBAgjECc6CggAELEDEIMBEEM6BAgAEEM6CAgAELEDEIMBOgcIABCxAxBDOgsILhCxAxDHARCjAjoCCAA6BwguELEDEEM6BQgAELEDOgIILjoFCAAQkQI6DgguELEDEIMBEMcBEKMCOggIABCxAxCRAjoKCC4QxwEQrwEQQzoICC4QsQMQgwE6BwgAEIcCEBQ6BwgAELEDEAo6CggAEIcCELEDEBQ6BggAEBYQHlCTKli-P2CtQGgBcAJ4AIABjwGIAYAOkgEEMTQuNpgBAKABAaoBB2d3cy13aXrAAQE&sclient=gws-wiz&ved=0ahUKEwjh9IHyzr3vAhW8GVkFHQugDNMQ4dUDCA0&uact=5","text file of nouns - Google Search","2021-03-19 20:30:00"
"https://www.google.com/search?q=list+of+nouns&rlz=1C1CHBF_enUS909US909&sxsrf=ALeKk02OPu1JHbHy9Mx5bUecMAbP3tPzDA%3A1616200187510&ei=-0FVYIHEHpOm1QGJuIqYBw&oq=list+of+nouns&gs_lcp=Cgdnd3Mtd2l6EAMyBwgAEEcQsAMyBwgAEEcQsAMyBwgAEEcQsAMyBwgAEEcQsAMyBwgAEEcQsAMyBwgAEEcQsAMyBwgAEEcQsANQ7A9Y7A9g4RFoAXABeACAAUeIAYgBkgEBMpgBAKABAaoBB2d3cy13aXrIAQfAAQE&sclient=gws-wiz&ved=0ahUKEwjBrb_wzr3vAhUTUzUKHQmcAnMQ4dUDCA0&uact=5","list of nouns - Google Search","2021-03-19 20:29:51"
"https://www.google.com/search?q=list+of+nounds&rlz=1C1CHBF_enUS909US909&oq=list+of+nounds&aqs=chrome..69i57j0i10i433j0i10l8.1772j0j7&sourceid=chrome&ie=UTF-8","list of nounds - Google Search","2021-03-19 20:29:48"
"https://www.google.com/search?q=aviation+definition&rlz=1C1CHBF_enUS909US909&sxsrf=ALeKk01T0I2nUDnO6CiiB6klC0ftA8aHuw%3A1616199849395&ei=qUBVYOLZF-Wl_Qa11bHADQ&oq=aviation+definition&gs_lcp=Cgdnd3Mtd2l6EAMyCggAEIcCELEDEBQyBggAEAcQHjIGCAAQBxAeMgYIABAHEB4yBggAEAcQHjIGCAAQBxAeMgYIABAHEB4yBggAEAcQHjIGCAAQBxAeMgYIABAHEB46BwgAELEDEEM6AggAOgUIABCRAjoECAAQQzoICAAQBxAKEB5Q_ugTWLDwE2CU8hNoAHACeACAAaIBiAGdB5IBAzUuNJgBAKABAaoBB2d3cy13aXrAAQE&sclient=gws-wiz&ved=0ahUKEwii0qLPzb3vAhXlUt8KHbVqDNgQ4dUDCA0&uact=5","aviation definition - Google Search","2021-03-19 20:29:36"
"https://web.njit.edu/~cm395/theBeeMovieScript/#:~:text=Bee%20Movie%20Script%20%2D%20Dialogue%20Transcript,what%20humans%20think%20is%20impossible.","","2021-03-19 20:24:44"
"https://www.google.com/search?q=by+all+known+laws+of+aviation&rlz=1C1CHBF_enUS909US909&oq=by+all+known&aqs=chrome.0.0j69i57j0i390.4402j1j7&sourceid=chrome&ie=UTF-8","by all known laws of aviation - Google Search","2021-03-19 20:24:43"
"https://www.google.com/search?q=up+definition&rlz=1C1CHBF_enUS909US909&oq=up+definition&aqs=chrome.0.0l2j0i22i30l4j0i10i22i30j0i22i30l3.1637j0j7&sourceid=chrome&ie=UTF-8","up definition - Google Search","2021-03-19 20:24:09"
"https://datatofish.com/command-prompt-python/","Execute a Command Prompt Command from Python - Data to Fish","2021-03-19 20:02:37"
"https://www.google.com/search?q=python+executing+cmd+commands&rlz=1C1CHBF_enUS909US909&oq=python+executing+cmd+commands&aqs=chrome..69i57j0i22i30l7.4696j0j7&sourceid=chrome&ie=UTF-8","python executing cmd commands - Google Search","2021-03-19 20:02:35"
"https://takeout.google.com/","Google Takeout","2021-03-19 19:58:03"
"https://www.w3schools.com/python/python_ref_file.asp","Python File Methods","2021-03-19 19:50:58"
"https://www.google.com/search?q=python+file+methods&rlz=1C1CHBF_enUS909US909&oq=python+file+methods&aqs=chrome..69i57j0j0i22i30l8.3497j0j4&sourceid=chrome&ie=UTF-8","python file methods - Google Search","2021-03-19 19:50:57"
"https://www.geeksforgeeks.org/read-a-file-line-by-line-in-python/","Read a file line by line in Python - GeeksforGeeks","2021-03-19 19:50:11"
"https://www.google.com/search?q=python+read+all+lines+in+a+file&rlz=1C1CHBF_enUS909US909&oq=python+read+all+lines+in+a+file&aqs=chrome.0.0l3j0i22i30l7.4034j0j7&sourceid=chrome&ie=UTF-8","python read all lines in a file - Google Search","2021-03-19 19:50:10"
"https://www.google.com/search?q=python+open+as&rlz=1C1CHBF_enUS909US909&oq=python+open+as&aqs=chrome.0.0j0i20i263l2j0l7.2008j0j7&sourceid=chrome&ie=UTF-8","python open as - Google Search","2021-03-19 19:44:51"
"https://www.programiz.com/python-programming/json","Python JSON: Read, Write, Parse JSON (With Examples)","2021-03-19 19:43:25"
"https://www.google.com/search?q=python+reading+a+json+file&rlz=1C1CHBF_enUS909US909&oq=python+reading+a+json+file&aqs=chrome.0.0j0i22i30l9.4002j0j7&sourceid=chrome&ie=UTF-8","python reading a json file - Google Search","2021-03-19 19:43:24"
"https://takeout.google.com/settings/takeout/custom/location_history?pli=1","Google Takeout","2021-03-19 19:39:53"
"https://accounts.google.com/ServiceLogin?passive=1209600&osid=1&continue=https://takeout.google.com/settings/takeout/custom/location_history?pli%3D1&followup=https://takeout.google.com/settings/takeout/custom/location_history?pli%3D1&authuser=0","Google Takeout","2021-03-19 19:39:52"
"https://takeout.google.com/accounts/SetOSID?authuser=0&continue=https%3A%2F%2Ftakeout.google.com%2Fsettings%2Ftakeout%2Fcustom%2Flocation_history%3Fpli%3D1&osidt=ALWU2csqbcTnleRYEmDqe_tq7Ma4R8DGZFPVE2MYR2N4H7tyML-8WClsLGQrKUtQf3XmUWtpyfGpor4i8zSwjzuG5sdY-c4gj3v3vvpG1W7HhWY7JbdU68eqBmsLTGCbh3SWaLnGlYYs0e9MJ7elPqCcWz1CsEnQjNhjhn9-nDJaOx47b3NhgdWnYBEGWDhdi-7E4HzKcqujUSJ7c4hvV9ur6v5wdNenKg","Google Takeout","2021-03-19 19:39:52"
"https://stackabuse.com/how-to-sort-dictionary-by-value-in-python/","How to Sort a Dictionary by Value in Python","2021-03-19 19:28:46"
"https://www.google.com/search?q=python+sorting+dictionary+by+value&rlz=1C1CHBF_enUS909US909&oq=python+sorting+dictionary+by+value&aqs=chrome..69i57j0i22i30l9.8725j0j7&sourceid=chrome&ie=UTF-8","python sorting dictionary by value - Google Search","2021-03-19 19:28:45"
"file:///C:/Users/danrs/Downloads/Chore_Router_Project.pdf","Chore_Router_Project.pdf","2021-03-19 19:21:48"
"https://console.cloud.google.com/apis/library?folder=&organizationId=&project=chores-307023","API Library - Chores - Google Cloud Platform","2021-03-19 18:49:33"
"https://console.cloud.google.com/apis/library?folder=&organizationId=&project=chores-307023&q=Place","API Library - Chores - Google Cloud Platform","2021-03-19 18:49:32"
"https://console.cloud.google.com/apis/library?folder=&organizationId=&project=chores-307023&q=Places","API Library - Chores - Google Cloud Platform","2021-03-19 18:49:28"
"https://console.cloud.google.com/apis/library?folder=&organizationId=&project=chores-307023&q=Pl","API Library - Chores - Google Cloud Platform","2021-03-19 18:49:27"
"https://console.cloud.google.com/apis/library?folder=&organizationId=&project=chores-307023&q=Pa","API Library - Chores - Google Cloud Platform","2021-03-19 18:49:26"
"https://console.cloud.google.com/apis/library?folder=&organizationId=&project=chores-307023&q=P","API Library - Chores - Google Cloud Platform","2021-03-19 18:49:25"
"https://console.cloud.google.com/apis/library?folder=&organizationId=&project=chores-307023&q=la","API Library - Chores - Google Cloud Platform","2021-03-19 18:49:22"
"https://console.cloud.google.com/apis/library?folder=&organizationId=&project=chores-307023&q=lac","API Library - Chores - Google Cloud Platform","2021-03-19 18:49:22"
"https://console.cloud.google.com/apis/library?folder=&organizationId=&project=chores-307023&q=O","API Library - Chores - Google Cloud Platform","2021-03-19 18:49:21"
"https://console.cloud.google.com/apis/library?folder=&organizationId=&project=chores-307023&q=Timelin","API Library - Chores - Google Cloud Platform","2021-03-19 18:49:18"
"https://console.cloud.google.com/apis/library?folder=&organizationId=&project=chores-307023&q=Timeline","API Library - Chores - Google Cloud Platform","2021-03-19 18:49:15"
"https://console.cloud.google.com/apis/dashboard?pli=1&project=chores-307023&folder=&organizationId=","APIs & Services – APIs & Services – Chores – Google Cloud Platform","2021-03-19 18:49:08"
"https://console.cloud.google.com/apis/dashboard?pli=1","Google Cloud Platform","2021-03-19 18:49:07"
"https://console.developers.google.com/apis","Google Cloud Platform","2021-03-19 18:49:03"
"https://accounts.google.com/ServiceLogin?service=cloudconsole&passive=1209600&osid=1&continue=https://console.developers.google.com/apis&followup=https://console.developers.google.com/apis&authuser=0","Google Cloud Platform","2021-03-19 18:49:03"
"https://console.developers.google.com/accounts/SetOSID?authuser=0&continue=https%3A%2F%2Fconsole.developers.google.com%2Fapis%3Fpli%3D1&osidt=ALWU2cub-PtAQGtR6XZzNCChzGBx9Jz5Dzg0Y9r7d4GzbtTJbcG2tF1fNLIzuezUGTxXM_QGFFFA4k4YqXHvo1JM21ZAO5Mc6_RYp50dD2Tt_TzJwcCM-XiRQEJ3XGHAn0a16akv9U97QtOvb8KpXdGig9HgcGGgRFMiMzuEBchMh4BTkcvPpQ1YAfcs8oNaBssRRKnDMS1IrHws2CZAodKWQTxdfQ5CHA","Google Cloud Platform","2021-03-19 18:49:03"
"https://console.developers.google.com/apis?pli=1","Google Cloud Platform","2021-03-19 18:49:03"
"https://console.cloud.google.com/apis?pli=1","Google Cloud Platform","2021-03-19 18:49:03"
"https://accounts.google.com/ServiceLogin?service=cloudconsole&passive=1209600&osid=1&continue=https://console.cloud.google.com/apis?pli%3D1&followup=https://console.cloud.google.com/apis?pli%3D1&authuser=0","Google Cloud Platform","2021-03-19 18:49:03"
"https://console.cloud.google.com/accounts/SetOSID?authuser=0&continue=https%3A%2F%2Fconsole.cloud.google.com%2Fapis%3Fpli%3D1&osidt=ALWU2csAoxwsEq7JtgBjJxzmNheDT-eTgUcZ1npj_iTZTsDtAroZiFUfHYQN7eKClAQl-FTXV_fFP3s-9WFpRQU3qTzj10IUKUXhEMtD_vcS5C43rz3HM-VoxbbQMae5SLczt3qdZq95Y7ajHM7_Pny1i_AQxJ75pJknDvYhNBbcf9BBrw7K9TczVRK547OVAkMffo5FJ0AQYX9BeYCK2CH3tPyNqLKauA","Google Cloud Platform","2021-03-19 18:49:03"
"https://www.google.com/search?q=google+apis&rlz=1C1CHBF_enUS909US909&oq=google+apis&aqs=chrome..69i57j0l2j0i20i263l2j69i60l3.2298j0j7&sourceid=chrome&ie=UTF-8","google apis - Google Search","2021-03-19 18:48:58"
"https://developers.google.com/apis-explorer","Google APIs Explorer  |  Google Developers","2021-03-19 18:48:58"
"https://www.google.com/maps/timeline","Timeline","2021-03-19 18:47:36"
"https://www.google.com/maps/timeline?pb","Timeline","2021-03-19 18:47:36"
"https://www.google.com/search?q=google+maps+timeline&rlz=1C1CHBF_enUS909US909&oq=google+maps+timeline&aqs=chrome..69i57j0l9.3488j0j7&sourceid=chrome&ie=UTF-8","google maps timeline - Google Search","2021-03-19 18:47:33"
"https://www.geeksforgeeks.org/reading-writing-text-files-python/","Reading and Writing to text files in Python - GeeksforGeeks","2021-03-19 18:13:59"
"https://www.google.com/search?q=python+read+text+file&rlz=1C1CHBF_enUS909US909&oq=python+read+text+file&aqs=chrome..69i57j0l9.3286j0j7&sourceid=chrome&ie=UTF-8","python read text file - Google Search","2021-03-19 18:13:56"
"http://www.desiquintans.com/downloads/nounlist/nounlist.txt","","2021-03-19 18:12:39"
"http://www.desiquintans.com/nounlist","The Great Noun List - desiquintans.com","2021-03-19 18:12:31"
"https://www.google.com/search?q=text+file+of+nouns&rlz=1C1CHBF_enUS909US909&oq=text+file+of+nouns&aqs=chrome..69i57.10830j0j7&sourceid=chrome&ie=UTF-8","text file of nouns - Google Search","2021-03-19 18:11:55"
"https://python-pptx.readthedocs.io/en/latest/api/text.html#paragraph-objects","Text-related objects — python-pptx 0.6.18 documentation","2021-03-19 18:09:28"
"https://python-pptx.readthedocs.io/en/latest/","python-pptx — python-pptx 0.6.18 documentation","2021-03-19 18:09:17"
"https://python-pptx.readthedocs.io/en/latest/api/slides.html#slides-objects","Slides — python-pptx 0.6.18 documentation","2021-03-19 18:09:16"
"https://python-pptx.readthedocs.io/en/latest/api/shapes.html#pptx.shapes.shapetree.SlideShapes","Shapes — python-pptx 0.6.18 documentation","2021-03-19 18:06:45"
"https://www.google.com/search?q=kivy+python&rlz=1C1CHBF_enUS909US909&sxsrf=ALeKk00HTd1HiMkqdTCfahCCwgoytNJ2mA%3A1616191519773&ei=HyBVYOfWLsSh5NoPtNerwAw&oq=kivy+python&gs_lcp=Cgdnd3Mtd2l6EAMyBwgAELEDEEMyBAgAEEMyAggAMgIIADIGCAAQBxAeMgIIADICCAAyBggAEAcQHjIGCAAQBxAeMgIIADoHCCMQsQIQJzoHCCMQsAIQJzoHCAAQsQMQDToECAAQDToHCC4QsQMQDVDopQFYpawBYKSuAWgCcAB4AIABpQGIAYQFkgEDMi40mAEAoAEBqgEHZ3dzLXdpesABAQ&sclient=gws-wiz&ved=0ahUKEwin4rLLrr3vAhXEEFkFHbTrCsgQ4dUDCA0&uact=5","kivy python - Google Search","2021-03-19 18:05:43"
"https://www.google.com/search?q=pvy+python&rlz=1C1CHBF_enUS909US909&oq=pvy+python&aqs=chrome..69i57.6496j0j7&sourceid=chrome&ie=UTF-8","pvy python - Google Search","2021-03-19 18:05:20"
"https://python-pptx.readthedocs.io/en/latest/api/text.html","Text-related objects — python-pptx 0.6.18 documentation","2021-03-19 18:02:54"
"https://python-pptx.readthedocs.org/en/latest/","python-pptx — python-pptx 0.6.18 documentation","2021-03-19 18:01:46"
"https://www.howtogeek.com/393248/what-is-a-pptx-file-and-how-do-i-open-one/","What Is a PPTX File (and How Do I Open One)?","2021-03-19 17:49:29"
"https://www.google.com/search?q=pptx+files&rlz=1C1CHBF_enUS909US909&oq=pptx+files&aqs=chrome..69i57j0l6j0i22i30l3.320j0j7&sourceid=chrome&ie=UTF-8","pptx files - Google Search","2021-03-19 17:49:27"
"https://medium.com/@aaron.yuqi/create-an-index-of-my-archive-of-ppt-presentations-with-python-3f48a4483de9","Create an index of my archive of PPT presentations with Python | by Aaron Yu | Medium","2021-03-19 17:48:53"
"https://www.google.com/search?q=getting+text+out+of+a+powerpoint+python&rlz=1C1CHBF_enUS909US909&sxsrf=ALeKk01ckVAraio_TT4FN2X4yLZfvhNS0g%3A1616190477190&ei=DRxVYMX5Coqk5NoPj6C-gAc&oq=getting+text+out+of+a+powerpoint+python&gs_lcp=Cgdnd3Mtd2l6EAMyCAghEBYQHRAeOgcIABBHELADOgUIIRCgAVCyX1jRZWCJZ2gBcAJ4AIABmQGIAcwGkgEDNS4zmAEAoAEBqgEHZ3dzLXdpesgBCMABAQ&sclient=gws-wiz&ved=0ahUKEwiFtKDaqr3vAhUKElkFHQ-QD3AQ4dUDCA0&uact=5","getting text out of a powerpoint python - Google Search","2021-03-19 17:48:11"
"https://www.google.com/search?q=getting+text+out+of+a+powerpoint&rlz=1C1CHBF_enUS909US909&oq=getting+text+out+of+a+powerpoint&aqs=chrome..69i57j33i22i29i30l2.6106j0j7&sourceid=chrome&ie=UTF-8","getting text out of a powerpoint - Google Search","2021-03-19 17:47:57"
"https://pypi.org/project/PyQt5/#:~:text=PyQt5%20is%20a%20comprehensive%20set,platforms%20including%20iOS%20and%20Android.","PyQt5 · PyPI","2021-03-19 17:46:57"
"https://www.google.com/search?q=python+pyqt5&rlz=1C1CHBF_enUS909US909&oq=python+pyqt5&aqs=chrome.0.0l10.5370j0j4&sourceid=chrome&ie=UTF-8","python pyqt5 - Google Search","2021-03-19 17:46:45"
"https://realpython.com/python-gui-tkinter/#:~:text=Python%20has%20a%20lot%20of,Windows%2C%20macOS%2C%20and%20Linux.&text=Although%20Tkinter%20is%20considered%20the,framework%2C%20it's%20not%20without%20criticism.","Python GUI Programming With Tkinter – Real Python","2021-03-19 17:45:02"
"https://www.google.com/search?q=python+gui&rlz=1C1CHBF_enUS909US909&oq=python+gui&aqs=chrome..69i57j0i20i263j0l4j0i10j0l3.2366j0j7&sourceid=chrome&ie=UTF-8","python gui - Google Search","2021-03-19 17:44:08"
"https://www.google.com/search?q=processing+python&rlz=1C1CHBF_enUS909US909&oq=processing+python&aqs=chrome..69i57j0l9.3088j0j7&sourceid=chrome&ie=UTF-8","processing python - Google Search","2021-03-19 17:43:51"
"https://py.processing.org/","Python Mode for Processing","2021-03-19 17:43:51"
"https://www.wrike.com/blog/13-free-brainstorming-apps-tools-spark-innovation/","13 Free Brainstorming Apps and Tools to Spark Innovation","2021-03-19 17:37:53"
"https://www.google.com/search?q=app+to+help+people+brainstorm&rlz=1C1CHBF_enUS909US909&oq=app+to+help+people+brainstorm&aqs=chrome..69i57.4223j1j7&sourceid=chrome&ie=UTF-8","app to help people brainstorm - Google Search","2021-03-19 17:37:40"
"https://www.reddit.com/r/feedthebeast/comments/4x9dl4/no_rain_with_optifine/","No rain with optifine? : feedthebeast","2021-03-19 17:36:28"
"https://www.google.com/search?q=optifine+turn+of+rain&rlz=1C1CHBF_enUS909US909&oq=optifine+turn+of+rain&aqs=chrome..69i57j0i13j0i390l3.4412j0j7&sourceid=chrome&ie=UTF-8","optifine turn of rain - Google Search","2021-03-19 17:36:25"
"https://www.google.com/search?q=omegle&rlz=1C1CHBF_enUS909US909&oq=omegle&aqs=chrome..69i57j0i67l2j0j0i433l3j0l2.1440j0j7&sourceid=chrome&ie=UTF-8","omegle - Google Search","2021-03-19 17:19:37"
"https://www.google.com/url?q=https%3A%2F%2Fdocs.google.com%2Fdocument%2Fd%2F1ncf7lKmu8oWXvZh-GzRVcdMyRLOUfieQzXYNWj6ZOiQ%2Fedit%3Fusp%3Dsharing_eip%26ts%3D60551404%26urp%3Dgmail_link%26gxids%3D7628&source=gmail&ust=1616274942209000&usg=AFQjCNFM0HsnYIznFWw7eN1iZNy7xzAs0w","HackPSU Ideas - Google Docs","2021-03-19 17:15:45"
"https://docs.google.com/document/d/1ncf7lKmu8oWXvZh-GzRVcdMyRLOUfieQzXYNWj6ZOiQ/edit?usp=sharing_eip&ts=60551404&urp=gmail_link&gxids=7628","HackPSU Ideas - Google Docs","2021-03-19 17:15:45"
"https://mail.google.com/mail/u/0/?tab=rm&ogbl#inbox/FMfcgxwLswMtDcrWPFFdMDrgvZDhFljx","parkersell27@gmail.com - Invitation to edit - danrstebb@gmail.com - Gmail","2021-03-19 17:15:43"
"https://docs.google.com/document/u/0/","Google Docs","2021-03-19 17:15:36"
"https://docs.google.com/document/?usp=docs_alc&authuser=0","Google Docs","2021-03-19 17:15:25"
"https://docs.google.com/document/u/0/?usp=docs_alc&authuser=0","Google Docs","2021-03-19 17:15:25"
"https://docs.google.com/document/u/0/?usp=docs_alc","Google Docs","2021-03-19 17:15:25"
"https://www.youtube.com/watch?v=qrw3NYx2YQ0","(2) JoJo AMV - Jonathan's Theme - Fukutsu ~Mushin no Sakebi~ - YouTube","2021-03-19 17:02:28"
"https://www.youtube.com/results?search_query=johnathan+joestar","(1) johnathan joestar - YouTube","2021-03-19 17:02:21"
"https://www.google.com/search?q=youtube&rlz=1C1CHBF_enUS909US909&oq=youtube&aqs=chrome.0.69i59j35i39j0i20i263i433j0j0i433j69i60l3.864j0j7&sourceid=chrome&ie=UTF-8","youtube - Google Search","2021-03-19 17:02:13"
"https://www.youtube.com/watch?v=LHFhnnTWMgI","(1) I Cooked a Chicken by Slapping It - YouTube","2021-03-19 16:58:14"
"https://www.youtube.com/results?search_query=slap+chicken","(1) slap chicken - YouTube","2021-03-19 16:58:10"
"https://www.google.com/search?q=youtube&rlz=1C1CHBF_enUS909US909&oq=youtube&aqs=chrome.0.69i59j35i39j0i433j0j0i433j69i60l3.956j0j7&sourceid=chrome&ie=UTF-8","youtube - Google Search","2021-03-19 16:57:58"
"https://www.youtube.com/watch?v=DTVN5bsnp4A","(1) Absolute Territory - YouTube","2021-03-19 16:56:56"
"https://www.crunchyroll.com/jujutsu-kaisen/episode-23-the-origin-of-blind-obedience-2-801616","JUJUTSU KAISEN Episode 23, The Origin of Blind Obedience - 2 -, - Watch on Crunchyroll","2021-03-19 16:36:03"
"https://www.crunchyroll.com/jujutsu-kaisen/episode-1-ryomen-sukuna-797865?utm_source=editorial_cr&utm_medium=top-bar&utm_campaign=jujutsu-kaisen_en&referrer=editorial_cr_top-bar_jujutsu-kaisen","JUJUTSU KAISEN Episode 1, Ryomen Sukuna, - Watch on Crunchyroll","2021-03-19 16:35:53"
"https://www.crunchyroll.com/login","JUJUTSU KAISEN Episode 1, Ryomen Sukuna, - Watch on Crunchyroll","2021-03-19 16:35:53"
"https://www.crunchyroll.com/login?next=%2Fjujutsu-kaisen%2Fepisode-1-ryomen-sukuna-797865%3Futm_source%3Deditorial_cr%26utm_medium%3Dtop-bar%26utm_campaign%3Djujutsu-kaisen_en%26referrer%3Deditorial_cr_top-bar_jujutsu-kaisen","Crunchyroll - Sign Up or Log In","2021-03-19 16:35:51"
"https://got.cr/jjks-topbar","JUJUTSU KAISEN Episode 1, Ryomen Sukuna, - Watch on Crunchyroll","2021-03-19 16:35:36"
"https://www.crunchyroll.com/jujutsu-kaisen/episode-1-ryoumen-sukuna-797865?utm_source=editorial_cr&utm_medium=top-bar&utm_campaign=jujutsu-kaisen_en&referrer=editorial_cr_top-bar_jujutsu-kaisen","JUJUTSU KAISEN Episode 1, Ryomen Sukuna, - Watch on Crunchyroll","2021-03-19 16:35:36"
"https://www.crunchyroll.com/","Crunchyroll - Watch Popular Anime & Read Manga Online","2021-03-19 16:35:34"
"https://www.google.com/search?q=crunchyroll&rlz=1C1CHBF_enUS909US909&oq=crunchyroll&aqs=chrome..69i57j0i131i433j0i433l7.2273j0j7&sourceid=chrome&ie=UTF-8","crunchyroll - Google Search","2021-03-19 16:35:33"
"https://docs.google.com/forms/d/e/1FAIpQLSfRsaPUhPoCVRgNFtbRia-BD05cXNZby-25jg0UzhGLQ3g0Yw/viewform?fbzx=7303250917280071724","Spring 2021 HackPSU Check-in","2021-03-19 16:32:34"
"https://docs.google.com/forms/u/0/d/e/1FAIpQLSfRsaPUhPoCVRgNFtbRia-BD05cXNZby-25jg0UzhGLQ3g0Yw/formResponse","Spring 2021 HackPSU Check-in","2021-03-19 16:32:34"
"https://devpost.com/danrstebb?ref_content=user-portfolio&ref_feature=portfolio&ref_medium=global-nav","Daniel Stebbins' (danrstebb) software portfolio | Devpost","2021-03-19 16:31:38"
"https://www.google.com/url?q=https://hackp.ac/address&sa=D&source=editors&ust=1616189194634000&usg=AFQjCNGG1hv25kR3FEL5opHLtxwSVykVXg","MLH Ellie the Elephant (2021) Address Form","2021-03-19 16:30:49"
"https://hackp.ac/address","MLH Ellie the Elephant (2021) Address Form","2021-03-19 16:30:49"
"https://majorleaguehacking.typeform.com/to/prgvE4AV","MLH Ellie the Elephant (2021) Address Form","2021-03-19 16:30:49"
"https://hackpsu.org/signup","HackPSU Spring 2021","2021-03-19 16:30:04"
"https://hackpsu.org/pin","HackPSU Spring 2021","2021-03-19 16:30:04"
"https://accounts.google.com/o/oauth2/auth?response_type=code&client_id=1002677206617-eq1tqistg8dvm8gi5dg4sfckqdcaemq4.apps.googleusercontent.com&redirect_uri=https%3A%2F%2Fhackpsu18.firebaseapp.com%2F__%2Fauth%2Fhandler&state=AMbdmDlcR_tSsVzjvEAmgmdYi_zvR-A2jtHvDq6HXiqYQ1AOzV32JBh_jQ4oKaisNiIhLqJS5SmtRVW9EDsBMdg6yJzF74zn2vOBQ8aDLv3hra7n_qvcfYC2bOQbxfiWwI9Z7bD-FfxuyRkWCIIK_9PCJxwwEkFhQ7IUiMJKUwC-9mF-QPc9z6o1IMBcTGcxxyOi9j1poC4Li7PHxsKXsH6JDIVgE6gVqLgvFxzeKiPZ-SjXXY0YCHVXQl8gmaEaYqz_tz2YEQkIMVbZLEy-2nPWdHoqzFuF79PMwVaZeRMEAon4BVuAByBX_EOktZOj3QJ4yA&scope=openid%20https%3A%2F%2Fwww.googleapis.com%2Fauth%2Fuserinfo.email%20profile&context_uri=https%3A%2F%2Fhackpsu.org","","2021-03-19 16:30:02"
"https://hackpsu18.firebaseapp.com/__/auth/handler?state=AMbdmDlcR_tSsVzjvEAmgmdYi_zvR-A2jtHvDq6HXiqYQ1AOzV32JBh_jQ4oKaisNiIhLqJS5SmtRVW9EDsBMdg6yJzF74zn2vOBQ8aDLv3hra7n_qvcfYC2bOQbxfiWwI9Z7bD-FfxuyRkWCIIK_9PCJxwwEkFhQ7IUiMJKUwC-9mF-QPc9z6o1IMBcTGcxxyOi9j1poC4Li7PHxsKXsH6JDIVgE6gVqLgvFxzeKiPZ-SjXXY0YCHVXQl8gmaEaYqz_tz2YEQkIMVbZLEy-2nPWdHoqzFuF79PMwVaZeRMEAon4BVuAByBX_EOktZOj3QJ4yA&code=4%2F0AY0e-g7F17Uaz7ikusQtb-bFuQAi-WSlHwi7f_DfxA4aXivJKXzTnMRRv3b6qJjQOd-dFA&scope=email+profile+https%3A%2F%2Fwww.googleapis.com%2Fauth%2Fuserinfo.email+https%3A%2F%2Fwww.googleapis.com%2Fauth%2Fuserinfo.profile+openid&authuser=0&prompt=none","","2021-03-19 16:30:02"
"https://hackpsu18.firebaseapp.com/__/auth/handler?apiKey=AIzaSyCpvAPdiIcqKV_NTyt6DZgDUNyjmA6kwzU&appName=%5BDEFAULT%5D&authType=signInViaPopup&providerId=google.com&scopes=profile&eventId=758373459&v=8.0.1","","2021-03-19 16:30:01"
"https://hackpsu.org/login","HackPSU Spring 2021","2021-03-19 16:29:45"
"https://docs.google.com/forms/d/e/1FAIpQLSfRsaPUhPoCVRgNFtbRia-BD05cXNZby-25jg0UzhGLQ3g0Yw/viewform","Spring 2021 HackPSU Check-in","2021-03-19 16:29:02"
"https://docs.google.com/forms/d/e/1FAIpQLSfRsaPUhPoCVRgNFtbRia-BD05cXNZby-25jg0UzhGLQ3g0Yw/viewform?usp=send_form","Spring 2021 HackPSU Check-in","2021-03-19 16:26:35"
"https://forms.gle/rct5DHxsfs2m2ovh6","Spring 2021 HackPSU Check-in","2021-03-19 16:26:34"
"https://hackpsu-spring-2021.devpost.com/","HackPSU Spring 2021: Learn. Build. Share. - Devpost","2021-03-19 16:26:25"
"https://devpost.com/settings","Edit settings | Devpost","2021-03-19 16:26:04"
"https://devpost.com/","Devpost - The home for hackathons","2021-03-19 16:24:54"
"https://www.google.com/search?q=devpost&rlz=1C1CHBF_enUS909US909&oq=devpost&aqs=chrome.0.69i59j0i20i263j0l2j69i60l4.1127j0j7&sourceid=chrome&ie=UTF-8","devpost - Google Search","2021-03-19 16:24:53"
"https://hackpsu.org/","HackPSU Spring 2021","2021-03-19 16:24:32"
"https://hackpsu.org/live","HackPSU Spring 2021","2021-03-19 16:24:32"
"https://www.youtube.com/watch?v=f7pMMyGnrZU","(1) Ken Ashcorp - Absolute Territory Loop - YouTube","2021-03-19 16:23:53"
"https://www.youtube.com/results?search_query=absolute+territory&sp=EgIQAQ%253D%253D","(1) absolute territory - YouTube","2021-03-19 16:23:42"
"https://www.youtube.com/results?search_query=absolute+territory","(1) absolute territory - YouTube","2021-03-19 16:23:28"
"https://www.youtube.com/c/kenashcorp/videos","(1) Ken Ashcorp - YouTube","2021-03-19 16:23:06"
"https://www.youtube.com/user/kenashcorp","(1) Ken Ashcorp - YouTube","2021-03-19 16:22:34"
"https://www.youtube.com/results?search_query=ken+ashcorp","(1) ken ashcorp - YouTube","2021-03-19 16:22:30"
"https://www.youtube.com/watch?v=FznGvWS_ZPg","(1) HackPSU Opening Ceremony Spring 2021 - YouTube","2021-03-19 16:20:14"
"https://www.youtube.com/watch?v=If1uF9nrme4","(1) HackPSU Schedule Day 3 - YouTube","2021-03-19 16:20:14"
"https://hackpsu-spring-2021.devpost.com/registrations","Devpost","2021-03-19 16:15:18"
"https://devpost.com/submit-to/12274-hackpsu-spring-2021/manage/submissions","Devpost","2021-03-19 16:15:18"
"https://hackpsu-spring-2021.devpost.com/register?flow%5Bdata%5D%5Bchallenge_id%5D=12274&flow%5Bname%5D=register_for_challenge","Devpost","2021-03-19 16:15:08"
"https://hackpsu-spring-2021.devpost.com/?ref_feature=challenge&ref_medium=discover","HackPSU Spring 2021: Learn. Build. Share. - Devpost","2021-03-19 16:15:03"
"https://devpost.com/hackathons?utf8=%E2%9C%93&search=hackpsu","New & upcoming hackathons · Devpost","2021-03-19 16:15:01"
"https://devpost.com/hackathons?search=hackpsu","New & upcoming hackathons · Devpost","2021-03-19 16:15:01"
"https://accounts.google.com/signin/oauth/consent?authuser=0&part=AJi8hANlEUAvW7rPzTRuVU6UG5d9s5t9sBzxZ9659BBNvNcqTdGeCGDJF3IyO5d0GjZt0F79DzfFHt-ELhl_2dX1dkDJ5Ff-u-1_XqZYeZi3X2Kwy-cL8jJkukDcOXDCaGDWs4H9BrhKyhqgo05qbC5Wx033TB3IDOm8i0emsBjzjAqXFfQnJ-2by3CakuOQtRKc78r209sTmBETHJSdCMkJiDNSHs6V4Ci5u7TXK_8PbcEQiMwvDcxv7apny7tMP-UFJx5Tyo7vyIRNnP4XoclOb1bh4jNvPl8gkMFYLd1mri4G8J1NMkf3iwXvMYvlPvm5WLkjBedB2-3U9fOG5gSBFyrLnsW576r7EeAB5Kq9IZViuGd8E-zP1O7ulBKzUUXkGxa_UHsBDWtbK07DOMbj2Rd7o2KXg37QvAfjJ2SoN3eRCx_gMYr-rkH-LRdA-dOO0lLWnYxj&as=S755480982%3A1616184891143122&pli=1&rapt=AEjHL4PI4m4oQjQDkv0Ly0aRIIXdCdIhhTpr4WWaFV0R2korBrkQF4r-LIR7aqoWlNhPgNaNP9PlbRgy5wffGc7YrtQgx9Bf0g#","Devpost - The home for hackathons","2021-03-19 16:14:53"
"https://secure.devpost.com/auth/google_oauth2/callback?state=e38da2f199ed8edcab5c1965c5aca83aa2fb7dc3b54fb05e&code=4%2F0AY0e-g7VLZ9chvMDgsiCAHzLtI3WKvRIItU3_5e-VjhPE_zf5h6C4fSq1WHt541msjhwEg&scope=email+profile+https%3A%2F%2Fwww.googleapis.com%2Fauth%2Fuserinfo.profile+https%3A%2F%2Fwww.googleapis.com%2Fauth%2Fuserinfo.email+openid&authuser=0&prompt=consent#","Devpost - The home for hackathons","2021-03-19 16:14:53"
"https://devpost.com/#","Devpost - The home for hackathons","2021-03-19 16:14:53"
"https://devpost.com/authentications/initiate/google_oauth2?return_to=https%3A%2F%2Fdevpost.com%2F","Sign in - Google Accounts","2021-03-19 16:14:51"
"https://secure.devpost.com/auth/google_oauth2?return_to=https%3A%2F%2Fdevpost.com%2F","Sign in - Google Accounts","2021-03-19 16:14:51"
"https://accounts.google.com/o/oauth2/auth?response_type=code&client_id=73815358649-fgcl0mlkplpqt82t6vg58u3ca44kd1pd.apps.googleusercontent.com&redirect_uri=https%3A%2F%2Fsecure.devpost.com%2Fauth%2Fgoogle_oauth2%2Fcallback&state=e38da2f199ed8edcab5c1965c5aca83aa2fb7dc3b54fb05e&scope=profile+email+https%3A%2F%2Fwww.googleapis.com%2Fauth%2Fplus.login&access_type=offline","Sign in - Google Accounts","2021-03-19 16:14:51"
"https://accounts.google.com/o/oauth2/auth/oauthchooseaccount?response_type=code&client_id=73815358649-fgcl0mlkplpqt82t6vg58u3ca44kd1pd.apps.googleusercontent.com&redirect_uri=https%3A%2F%2Fsecure.devpost.com%2Fauth%2Fgoogle_oauth2%2Fcallback&state=e38da2f199ed8edcab5c1965c5aca83aa2fb7dc3b54fb05e&scope=profile%20email%20https%3A%2F%2Fwww.googleapis.com%2Fauth%2Fplus.login&access_type=offline&flowName=GeneralOAuthFlow","Sign in - Google Accounts","2021-03-19 16:14:51"
"https://secure.devpost.com/users/register?ref_content=signup_global_nav&ref_feature=signup&ref_medium=button","Devpost","2021-03-19 16:14:48"
"https://www.google.com/search?q=devpost&rlz=1C1CHBF_enUS909US909&oq=devpos&aqs=chrome.0.0j69i57j0l2j0i10j0l2j69i60.1498j0j7&sourceid=chrome&ie=UTF-8","devpost - Google Search","2021-03-19 16:14:43"
"https://www.google.com/search?q=floor+is+lava+meme&rlz=1C1CHBF_enUS909US909&sxsrf=ALeKk03ujLw_XjTR1JWSVkIrRpPLg_-SEA:1616184721944&tbm=isch&source=iu&ictx=1&fir=lmYn8WKsUSKDGM%252CtobKJFQeKbsABM%252C_&vet=1&usg=AI4_-kSP7Dy82AvIfDQjC7Bhdf7xHtiMDw&sa=X&ved=2ahUKEwiV8Pehlb3vAhWzGFkFHQpGBx8Q9QF6BAgQEAE&biw=1536&bih=754&dpr=1.25#imgrc=lmYn8WKsUSKDGM","floor is lava meme - Google Search","2021-03-19 16:12:04"
"https://www.google.com/search?q=floor+is+lava+meme&rlz=1C1CHBF_enUS909US909&oq=floor+is+lava+meme&aqs=chrome.0.0l8.2604j0j7&sourceid=chrome&ie=UTF-8","floor is lava meme - Google Search","2021-03-19 16:12:02"
"https://u.gg/lol/support-tier-list","Support Tier List - U.GG LoL Support Tier List for League of Legends - Patch 11.6","2021-03-19 16:11:55"
"https://u.gg/lol/adc-tier-list","ADC Tier List - U.GG Adc LoL Tier List for League of Legends - Patch 11.6","2021-03-19 16:11:50"
"https://u.gg/lol/mid-lane-tier-list","Mid Lane Tier List - U.GG Mid Tier List for League of Legends - Patch 11.6","2021-03-19 16:11:45"
"https://u.gg/lol/jungle-tier-list","Jungle Tier List - U.GG LoL Jungle Tier List for League of Legends - Patch 11.6","2021-03-19 16:11:32"
"https://u.gg/lol/top-lane-tier-list","Top Lane Tier List - U.GG LoL Top Tier List for League of Legends - Patch 11.6","2021-03-19 16:11:26"
"https://u.gg/lol/tier-list","LoL Tier List - U.GG League of Legends Tier List For Jungle, Adc, All Roles - Patch 11.6","2021-03-19 16:11:21"
"https://www.google.com/search?q=league+tier+list&rlz=1C1CHBF_enUS909US909&oq=league+tier+list&aqs=chrome.0.0i433j0j0i3j0i457j0l6.2020j0j7&sourceid=chrome&ie=UTF-8","league tier list - Google Search","2021-03-19 16:11:17"
"https://mobalytics.gg/blog/lol-tier-list-for-climbing-solo-queue/","LoL Tier List Patch 11.6 for Climbing Solo Queue - Mobalytics","2021-03-19 16:10:59"
"https://www.youtube.com/c/F8Ltv/about","(1) F8L - YouTube","2021-03-19 16:05:52"
"https://www.google.com/search?q=hackpsu&rlz=1C1CHBF_enUS909US909&oq=hackpsu&aqs=chrome..69i57j0i30l2j69i60j69i61l2.1679j0j7&sourceid=chrome&ie=UTF-8","hackpsu - Google Search","2021-03-19 16:04:11"
"https://www.youtube.com/user/ayushdhir1150","(1) F8L - YouTube","2021-03-19 16:02:26"
"https://www.youtube.com/results?search_query=F8L","(1) F8L - YouTube","2021-03-19 16:02:24"
"https://youtu.be/FznGvWS_ZPg","HackPSU Opening Ceremony Spring 2021 - YouTube","2021-03-19 16:00:13"
"https://www.youtube.com/watch?v=FznGvWS_ZPg&feature=youtu.be","HackPSU Opening Ceremony Spring 2021 - YouTube","2021-03-19 16:00:13"
"https://www.youtube.com/watch?v=rrEe66ZnClQ","(1) Onion Rings - You Suck at Cooking (episode 124) - YouTube","2021-03-19 15:52:10"
"https://www.youtube.com/watch?v=CRNg3EcomrI","(1) Pizza Pockets: calzones - You Suck at Cooking (episode 119) - YouTube","2021-03-19 15:46:59"
"https://www.youtube.com/watch?v=z4qBXKeLNEc","(1) Fettuccine Alfredo - You Suck at Cooking (episode 121) - YouTube","2021-03-19 15:41:48"
"https://www.youtube.com/results?search_query=you+suck+at+cooking","(1) you suck at cooking - YouTube","2021-03-19 15:41:40"
"https://www.youtube.com/results?search_query=worth+it","(1) worth it - YouTube","2021-03-19 15:41:25"
"https://www.google.com/search?q=youtube&oq=youtube&aqs=chrome.0.35i39l2j0i433j0j0i433l4.747j0j7&sourceid=chrome&ie=UTF-8","youtube - Google Search","2021-03-19 15:34:11"
"https://docs.google.com/forms/d/e/1FAIpQLSeOMleOupPLk7j1VXW5BjlwQg5kCujJLRHS82YrIWq49lfxrQ/viewform?usp=sf_link","Deliberation: Public Schools","2021-03-19 11:59:27"
"https://docs.google.com/forms/d/e/1FAIpQLSeOMleOupPLk7j1VXW5BjlwQg5kCujJLRHS82YrIWq49lfxrQ/viewform","Deliberation: Public Schools","2021-03-19 11:59:27"
"https://nam10.safelinks.protection.outlook.com/?url=https%3A%2F%2Fdocs.google.com%2Fforms%2Fd%2Fe%2F1FAIpQLSeOMleOupPLk7j1VXW5BjlwQg5kCujJLRHS82YrIWq49lfxrQ%2Fviewform%3Fusp%3Dsf_link&data=04%7C01%7Cdrs5972%40psu.edu%7Ccf0339f497b1446975b208d8ea62d4e7%7C7cf48d453ddb4389a9c1c115526eb52e%7C0%7C0%7C637517057790216223%7CUnknown%7CTWFpbGZsb3d8eyJWIjoiMC4wLjAwMDAiLCJQIjoiV2luMzIiLCJBTiI6Ik1haWwiLCJXVCI6Mn0%3D%7C1000&sdata=mhTJXTBTJB2dyfREbqA52NF3kLhlCufDUymqglzr46c%3D&reserved=0","Deliberation: Public Schools","2021-03-19 11:59:26"
"https://outlook.office.com/mail/search/id/AAQkADhiMTQ0ZGU1LWVjNDEtNDBmMS04YWIxLWUyNzkzYTg5MGYzMQAQAHzwGL5n5Q5Ksz5jgEbmQq0%3D","Mail - Stebbins, Daniel Ross - Outlook","2021-03-19 11:59:16"
"https://outlook.office.com/mail/search/id/AAQkADhiMTQ0ZGU1LWVjNDEtNDBmMS04YWIxLWUyNzkzYTg5MGYzMQAQAEHVy%2BZNFmZGpt2DIk4ZYkA%3D","Mail - Stebbins, Daniel Ross - Outlook","2021-03-19 11:59:12"
"https://docs.google.com/forms/d/e/1FAIpQLSftNxXiPiXrQW3LLlQtDvsUgkkGClLay_zpz0ujiysZRS0QAw/viewform?usp=sf_link","You need permission","2021-03-19 11:53:34"
"https://docs.google.com/forms/u/0/d/e/1FAIpQLSftNxXiPiXrQW3LLlQtDvsUgkkGClLay_zpz0ujiysZRS0QAw/formrestricted","You need permission","2021-03-19 11:53:34"
"https://docs.google.com/forms/d/e/1FAIpQLSftNxXiPiXrQW3LLlQtDvsUgkkGClLay_zpz0ujiysZRS0QAw/formrestricted","You need permission","2021-03-19 11:53:34"
"https://www.google.com/url?q=https://discord.gg/gx26YJaB&source=gmail&ust=1616255022578000&usg=AFQjCNGInrNwbINkguvHyxwuNyAOp9Hy3w","HackPSU Spring 2021","2021-03-19 11:44:27"
"https://discord.gg/gx26YJaB","HackPSU Spring 2021","2021-03-19 11:44:27"
"https://discord.com/invite/gx26YJaB","HackPSU Spring 2021","2021-03-19 11:44:27"
"https://mail.google.com/mail/u/0/?tab=rm&ogbl#inbox/FMfcgxwLswMsknTPrszMtxlVvDFBhQSM","Discord Invite Link Hackathon Spring 2021 - danrstebb@gmail.com - Gmail","2021-03-19 11:44:24"
"https://mail.google.com/mail/u/0/?tab=rm&ogbl#inbox/FMfcgxwLswMskhnXxdCcmczCVSPbQmhM","IT Summer Internships at Fulton Bank! - danrstebb@gmail.com - Gmail","2021-03-19 11:44:14"
"https://mail.google.com/mail/u/0/?tab=rm&ogbl#inbox/FMfcgxwLswMskghxxtKJgbXCfndTSgbg","Recall: IT Summer Internships at Fulton Bank! - danrstebb@gmail.com - Gmail","2021-03-19 11:44:07"
"https://mail.google.com/mail/u/0/?tab=rm&ogbl#inbox/FMfcgxwLswMskghghqLQBxmVXHmLKTTp","IT Summer Internships at Fulton Bank! - danrstebb@gmail.com - Gmail","2021-03-19 11:43:56"
"https://outlook.office.com/mail/inbox/id/AAQkADhiMTQ0ZGU1LWVjNDEtNDBmMS04YWIxLWUyNzkzYTg5MGYzMQAQAEHVy%2BZNFmZGpt2DIk4ZYkA%3D","Mail - Stebbins, Daniel Ross - Outlook","2021-03-19 11:43:34"
"https://webshell.suite.office.com/iframe/TokenFactoryIframe#","Mail - Stebbins, Daniel Ross - Outlook","2021-03-19 11:43:33"
"https://webshell.suite.office.com/iframe/TokenFactoryIframe?origin=https%3A%2F%2Foutlook.office.com&shsid=437a7442-00ab-4a55-b84d-d363cb32ff36&apiver=oneshell&cshver=20210304.1&upn=drs5972%40psu.edu","","2021-03-19 11:43:33"
"https://webshell.suite.office.com/iframe/TokenFactoryIframe#access_token=eyJ0eXAiOiJKV1QiLCJub25jZSI6Im9CcGlGRlF0cHdYaU9PUk4zZWpYZ29ESTROZHd1VFEyVTExeGJwV1B0T2ciLCJhbGciOiJSUzI1NiIsIng1dCI6Im5PbzNaRHJPRFhFSzFqS1doWHNsSFJfS1hFZyIsImtpZCI6Im5PbzNaRHJPRFhFSzFqS1doWHNsSFJfS1hFZyJ9.eyJhdWQiOiJodHRwczovL2dyYXBoLm1pY3Jvc29mdC5jb20iLCJpc3MiOiJodHRwczovL3N0cy53aW5kb3dzLm5ldC83Y2Y0OGQ0NS0zZGRiLTQzODktYTljMS1jMTE1NTI2ZWI1MmUvIiwiaWF0IjoxNjE2MTY4MzEyLCJuYmYiOjE2MTYxNjgzMTIsImV4cCI6MTYxNjE3MjIxMiwiYWNjdCI6MCwiYWNyIjoiMSIsImFjcnMiOlsidXJuOnVzZXI6cmVnaXN0ZXJzZWN1cml0eWluZm8iLCJ1cm46bWljcm9zb2Z0OnJlcTEiLCJ1cm46bWljcm9zb2Z0OnJlcTIiLCJ1cm46bWljcm9zb2Z0OnJlcTMiLCJjMSIsImMyIiwiYzMiLCJjNCIsImM1IiwiYzYiLCJjNyIsImM4IiwiYzkiLCJjMTAiLCJjMTEiLCJjMTIiLCJjMTMiLCJjMTQiLCJjMTUiLCJjMTYiLCJjMTciLCJjMTgiLCJjMTkiLCJjMjAiLCJjMjEiLCJjMjIiLCJjMjMiLCJjMjQiLCJjMjUiXSwiYWlvIjoiRTJaZ1lDaXJsUFZYWlQ3NGczUCtYb2VKdjBVREUvVG01eTM1WnRBZUZqcHR0MXFLWGlnQSIsImFtciI6WyJwd2QiXSwiYXBwX2Rpc3BsYXluYW1lIjoiT2ZmaWNlMzY1IFNoZWxsIFdDU1MtQ2xpZW50IiwiYXBwaWQiOiI4OWJlZTFmNy01ZTZlLTRkOGEtOWYzZC1lY2Q2MDEyNTlkYTciLCJhcHBpZGFjciI6IjAiLCJmYW1pbHlfbmFtZSI6IlN0ZWJiaW5zIiwiZ2l2ZW5fbmFtZSI6IkRhbmllbCIsImlkdHlwIjoidXNlciIsImlwYWRkciI6IjczLjIzMC4yMDQuMTI1IiwibmFtZSI6IlN0ZWJiaW5zLCBEYW5pZWwgUm9zcyIsIm9pZCI6IjBkYmY2ZDBlLTNlMWEtNDJmZi05Mjg0LTA0NGEyNTM2NTc3ZSIsIm9ucHJlbV9zaWQiOiJTLTEtNS0yMS0yNDk1NTk2NDQyLTE2MTE2MzU3NTAtMjY5NDU3OTE1NS04MzUyMzkiLCJwbGF0ZiI6IjMiLCJwdWlkIjoiMTAwMzIwMDA4REI5QkIxMCIsInJoIjoiMC5BUklBUlkzMGZOczlpVU9wd2NFVlVtNjFMdmZodm9sdVhvcE5uejNzMWdFbG5hY1NBUDQuIiwic2NwIjoiRmlsZXMuUmVhZFdyaXRlIE1haWxib3hTZXR0aW5ncy5SZWFkIE1haWxib3hTZXR0aW5ncy5SZWFkV3JpdGUgVXNlci5SZWFkV3JpdGUiLCJzaWduaW5fc3RhdGUiOlsia21zaSJdLCJzdWIiOiJtUDZQMTk5T2VYU2o0X0VqSnd0M2FTMF9XeUlPcmtDbWI1Zml5OWxOd0FvIiwidGVuYW50X3JlZ2lvbl9zY29wZSI6Ik5BIiwidGlkIjoiN2NmNDhkNDUtM2RkYi00Mzg5LWE5YzEtYzExNTUyNmViNTJlIiwidW5pcXVlX25hbWUiOiJkcnM1OTcyQHBzdS5lZHUiLCJ1cG4iOiJkcnM1OTcyQHBzdS5lZHUiLCJ1dGkiOiJtU1hBQndVbWdVS3VjSFE0M3hvdEFBIiwidmVyIjoiMS4wIiwieG1zX3RjZHQiOjE0MTkwMTY5MjF9.oFvtHdEHcui7O9UBqvxjs3rYhMg5PDL40qs9nKBl857CJw5omyQndmOXKY55KVryz88dhlvuL-rm5hrSG-qUbPkCq5nGzpeCSKLYIYnQ3lkOMCb8gf30NG_G3uExNKr2h9hhhhG52APVDlP-A-OEBdZEVeXXDuFpWIV9Jdghu12k8PkA8gYH6DMINlIDIGqWBRT3Rc45vGDvo5U5lGKWidTd8z-Zq7dG6xQWLv5usqlaMO1uUtnzKBpoVkm6NYbXLTVpytz5p9y2peC63uIzeAUOeGZDHzEJga8lyHrCzv-1Ezw_f-kw7pNWOsmFd3mHfv4GpdaE9e260praN_Dryw&token_type=Bearer&expires_in=3599&state=5deef9e3-08f1-4551-8c63-3907b76017a9%7chttps%3a%2f%2fgraph.microsoft.com&session_state=4ce2dac8-0dd0-4f69-a3eb-ae8abd57fd25","Mail - Stebbins, Daniel Ross - Outlook","2021-03-19 11:43:33"
"https://webshell.suite.office.com/iframe/TokenFactoryIframe#access_token=eyJ0eXAiOiJKV1QiLCJhbGciOiJSUzI1NiIsIng1dCI6Im5PbzNaRHJPRFhFSzFqS1doWHNsSFJfS1hFZyIsImtpZCI6Im5PbzNaRHJPRFhFSzFqS1doWHNsSFJfS1hFZyJ9.eyJhdWQiOiJodHRwczovL3dlYnNoZWxsLnN1aXRlLm9mZmljZS5jb20iLCJpc3MiOiJodHRwczovL3N0cy53aW5kb3dzLm5ldC83Y2Y0OGQ0NS0zZGRiLTQzODktYTljMS1jMTE1NTI2ZWI1MmUvIiwiaWF0IjoxNjE2MTY4MzExLCJuYmYiOjE2MTYxNjgzMTEsImV4cCI6MTYxNjE3MjIxMSwiYWNyIjoiMSIsImFpbyI6IkFTUUEyLzhUQUFBQVkzTDJ1ZnU5L1VxV1VqdlhaaUFmbUxCZGpiVS9ubHFPdS9QUU5YNUQxbjQ9IiwiYW1yIjpbInB3ZCJdLCJhcHBpZCI6Ijg5YmVlMWY3LTVlNmUtNGQ4YS05ZjNkLWVjZDYwMTI1OWRhNyIsImFwcGlkYWNyIjoiMCIsImZhbWlseV9uYW1lIjoiU3RlYmJpbnMiLCJnaXZlbl9uYW1lIjoiRGFuaWVsIiwiaXBhZGRyIjoiNzMuMjMwLjIwNC4xMjUiLCJsb2dpbl9oaW50IjoiTy5DaVF3WkdKbU5tUXdaUzB6WlRGaExUUXlabVl0T1RJNE5DMHdORFJoTWpVek5qVTNOMlVTSkRkalpqUTRaRFExTFROa1pHSXRORE00T1MxaE9XTXhMV014TVRVMU1qWmxZalV5WlJvUFpISnpOVGszTWtCd2MzVXVaV1IxSU1nQiIsIm5hbWUiOiJTdGViYmlucywgRGFuaWVsIFJvc3MiLCJvaWQiOiIwZGJmNmQwZS0zZTFhLTQyZmYtOTI4NC0wNDRhMjUzNjU3N2UiLCJvbnByZW1fc2lkIjoiUy0xLTUtMjEtMjQ5NTU5NjQ0Mi0xNjExNjM1NzUwLTI2OTQ1NzkxNTUtODM1MjM5IiwicHJlZmVycmVkX3VzZXJuYW1lIjoiZHJzNTk3MkBwc3UuZWR1IiwicHVpZCI6IjEwMDMyMDAwOERCOUJCMTAiLCJyaCI6IjAuQVJJQVJZMzBmTnM5aVVPcHdjRVZVbTYxTHZmaHZvbHVYb3BObnozczFnRWxuYWNTQVA0LiIsInNjcCI6IlNoZWxsU2V0dGluZ3MuUmVhZCIsInN1YiI6Im5GN1F1Y3JGZTdNT05rckdMc09JTW1FMHNNajZVZjktcWl3MkpCZlpSUG8iLCJ0aWQiOiI3Y2Y0OGQ0NS0zZGRiLTQzODktYTljMS1jMTE1NTI2ZWI1MmUiLCJ1bmlxdWVfbmFtZSI6ImRyczU5NzJAcHN1LmVkdSIsInVwbiI6ImRyczU5NzJAcHN1LmVkdSIsInV0aSI6InZTTmNPRjM2QmtxMDZyMTVJNDB0QUEiLCJ2ZXIiOiIxLjAifQ.J3lNqgT-fw2lmKJYJmm59h0ay6-HylejZ1yVoIMhKc0epxGnfswNpRY7DvaGDOzp68O1Uazw_3W9jNDCctD2-SP9Tyd1d3FfFG6EMkG0f5UdVV_SGBtHfCAmMQjJWBppQP1A9yyXLdhNAIdEFir0pCVkpIPyTSfMw4AzHb_ppJwfrFN9OiHtTK92c_aJ8yHnJp4STto5jT0vNS62cYfskzf_v4hGoZrmkgNhiCH7TuW7S6Rk0FVEFap79Wj3mvUT9CpgTTSfEWQBcxCjAVojsQ7qoalwb2ehW5M-VvJgcUzyCKVRux2g0TTGju8cWJV6C1c55IaXJ88RPSUNZA-Arw&token_type=Bearer&expires_in=3599&state=8a60a0ef-49c0-4c4a-8eb5-45a06ecd00d1%7chttps%3a%2f%2fwebshell.suite.office.com&session_state=4ce2dac8-0dd0-4f69-a3eb-ae8abd57fd25","Mail - Stebbins, Daniel Ross - Outlook","2021-03-19 11:43:32"
"https://outlook.office.com/mail/inbox","Mail - Stebbins, Daniel Ross - Outlook","2021-03-19 11:43:30"
"https://webshell.suite.office.com/iframe/TokenFactoryIframe#id_token=eyJ0eXAiOiJKV1QiLCJhbGciOiJSUzI1NiIsIng1dCI6Im5PbzNaRHJPRFhFSzFqS1doWHNsSFJfS1hFZyIsImtpZCI6Im5PbzNaRHJPRFhFSzFqS1doWHNsSFJfS1hFZyJ9.eyJhdWQiOiI4OWJlZTFmNy01ZTZlLTRkOGEtOWYzZC1lY2Q2MDEyNTlkYTciLCJpc3MiOiJodHRwczovL3N0cy53aW5kb3dzLm5ldC83Y2Y0OGQ0NS0zZGRiLTQzODktYTljMS1jMTE1NTI2ZWI1MmUvIiwiaWF0IjoxNjE2MTY4MzEwLCJuYmYiOjE2MTYxNjgzMTAsImV4cCI6MTYxNjE3MjIxMCwiYWlvIjoiRTJaZ1lQZ24vM2Rqa1NFUGQrdlRwdjR6WGl0dk1vajZYb2hKdG5ITjIzdStSRDlwMzBZQSIsImFtciI6WyJwd2QiXSwiZmFtaWx5X25hbWUiOiJTdGViYmlucyIsImdpdmVuX25hbWUiOiJEYW5pZWwiLCJpcGFkZHIiOiI3My4yMzAuMjA0LjEyNSIsIm5hbWUiOiJTdGViYmlucywgRGFuaWVsIFJvc3MiLCJub25jZSI6IjZhZmQ5YTM4LWVhZDAtNGZiZS04MTJkLWMxYmQyYmNiMWRkNCIsIm9pZCI6IjBkYmY2ZDBlLTNlMWEtNDJmZi05Mjg0LTA0NGEyNTM2NTc3ZSIsIm9ucHJlbV9zaWQiOiJTLTEtNS0yMS0yNDk1NTk2NDQyLTE2MTE2MzU3NTAtMjY5NDU3OTE1NS04MzUyMzkiLCJwdWlkIjoiMTAwMzIwMDA4REI5QkIxMCIsInJoIjoiMC5BUklBUlkzMGZOczlpVU9wd2NFVlVtNjFMdmZodm9sdVhvcE5uejNzMWdFbG5hY1NBUDQuIiwic3ViIjoiZXZwbjV0cjhBVFFRUFRjYlphZDRPT240X3oxakN1dDhFMWRqa3RtS3B3RSIsInRpZCI6IjdjZjQ4ZDQ1LTNkZGItNDM4OS1hOWMxLWMxMTU1MjZlYjUyZSIsInVuaXF1ZV9uYW1lIjoiZHJzNTk3MkBwc3UuZWR1IiwidXBuIjoiZHJzNTk3MkBwc3UuZWR1IiwidXRpIjoiNXJBWFNxRkMwa09oQWhvTmIxWXVBQSIsInZlciI6IjEuMCJ9.mOcycN-fpN1ascdiF_1X4Yg7fq2PmBqQQNe1K87ZiaM9muaBISYvhGGp9hkPW9vJuK32wEvlqikQOUgQWzz3fsCVdgzdgvf2-ljsz7oUo34SDI_C_CVXemJX_6tcrFIEAYDiu_oVIhapR1F-IuN44Y1fWxIukxj3JLQENvdvYPu-QvXf2RrqfDIl27-2SX_vTLDaYAyUFKbtb678Z42RPPYe8miCgKi3lvZbMHj4rNu-m3Vi6GEKzX2LKCPxKva9J5TEn4W443TfX0AQ2PHnv3mHOlHWxpbDWm5qLGJCegKZ5klX31UFUeEogd-7DBLBNLO-CJl5RdC2OOZG5MKBTg&state=f36375fa-e92b-4556-9457-3d553009522a&session_state=4ce2dac8-0dd0-4f69-a3eb-ae8abd57fd25","Mail - Stebbins, Daniel Ross - Outlook","2021-03-19 11:43:30"
"https://outlook.office.com/mail/inbox/id/AAQkADhiMTQ0ZGU1LWVjNDEtNDBmMS04YWIxLWUyNzkzYTg5MGYzMQAQAFEhbwb8EyJKqxDCL8vzuwo%3D","Mail - Stebbins, Daniel Ross - Outlook","2021-03-19 11:43:28"
"https://outlook.office.com/mail/inbox/id/AAQkADhiMTQ0ZGU1LWVjNDEtNDBmMS04YWIxLWUyNzkzYTg5MGYzMQAQAN6etc0xwUhEmdwGGSDYRrg%3D","Outlook","2021-03-19 11:43:26"
"https://www.ges-automation.com/resources/live-arrive/","Live Arrive | GES","2021-03-19 11:31:01"
"https://www.ges-automation.com/resources/","Resources | GES","2021-03-19 11:30:55"
"https://www.ges-automation.com/company/","Company | GES","2021-03-19 11:26:51"
"https://www.ges-automation.com/","GES | Automation Technology","2021-03-19 11:25:49"
"https://www.google.com/search?q=ges+automation&rlz=1C1CHBF_enUS909US909&oq=GES+Automation&aqs=chrome.0.0i355j46i175i199j0i22i30l4.3588j0j7&sourceid=chrome&ie=UTF-8","ges automation - Google Search","2021-03-19 11:25:48"
"https://www.google.com/search?q=friedrich+gauss&rlz=1C1CHBF_enUS909US909&sxsrf=ALeKk03D2DxnnkgeSQjbdZA8AE_JXVMVpg%3A1616167433110&ei=CcJUYNKGBq-WwbkPpNG0wAk&oq=freidric&gs_lcp=Cgdnd3Mtd2l6EAEYADIECAAQQzIHCC4QsQMQCjIHCC4QsQMQCjIHCC4QsQMQCjIECAAQCjIHCC4QsQMQCjIHCAAQsQMQCjIHCC4QsQMQCjIHCC4QsQMQCjIHCAAQsQMQCjoECCMQJzoECC4QQzoKCAAQsQMQgwEQQzoFCAAQsQM6CAgAELEDEIMBOgUIABCRAjoFCC4QkQI6AggAOgcIABCxAxBDOggILhDHARCvAToFCAAQyQM6BQgAEJIDOggILhCxAxCTAjoECC4QCjoKCC4QxwEQrwEQClCOXFj4aWCydmgAcAB4AIAB5wGIAZsKkgEFMC44LjGYAQCgAQGqAQdnd3Mtd2l6wAEB&sclient=gws-wiz","friedrich gauss - Google Search","2021-03-19 11:24:10"
"https://www.google.com/search?q=leonard+euler&rlz=1C1CHBF_enUS909US909&oq=leonard+euler&aqs=chrome..69i57j46i10i131i433j0i10l7.9593j0j7&sourceid=chrome&ie=UTF-8","leonard euler - Google Search","2021-03-19 11:23:54"
"https://en.wikipedia.org/wiki/Royal_Society#Founding_and_early_years","Royal Society - Wikipedia","2021-03-19 11:23:09"
"https://en.wikipedia.org/wiki/Royal_Society","Royal Society - Wikipedia","2021-03-19 11:23:07"
"https://www.google.com/search?q=founding+members+of+the+royal+society&source=lmns&bih=754&biw=1536&rlz=1C1CHBF_enUS909US909&hl=en&sa=X&ved=2ahUKEwiR-azR1LzvAhWItVMKHTSsBOYQ_AUoAHoECAEQAA","founding members of the royal society - Google Search","2021-03-19 11:22:57"
"https://www.google.com/search?q=founding+members+of+the+royal+society&tbm=isch&ved=2ahUKEwj3tM7-07zvAhVz8VMKHSFqAJgQ2-cCegQIABAA&oq=founding+members+of+the+royal+society&gs_lcp=CgNpbWcQAzIECAAQGDoECCMQJzoECAAQQzoFCAAQsQM6AggAOgcIABCxAxBDOgYIABAIEB5Q-ZgKWLTCCmCKxApoAXAAeACAAagBiAHPGpIBBDMyLjaYAQCgAQGqAQtnd3Mtd2l6LWltZ8ABAQ&sclient=img&ei=H8FUYLepIfPizwKh1IHACQ&bih=754&biw=1536&rlz=1C1CHBF_enUS909US909","founding members of the royal society - Google Search","2021-03-19 11:22:54"
"https://royalsociety.org/about-us/history/","History of the Royal Society | Royal Society","2021-03-19 11:22:04"
"https://www.google.com/search?q=the+royal+society+founded&rlz=1C1CHBF_enUS909US909&sxsrf=ALeKk009-hlI8dgjEg5c-5HBZLs_Cvxa0A%3A1616167301481&ei=hcFUYMH1HPyOwbkPhZKz6A4&oq=the+royal+society+founded&gs_lcp=Cgdnd3Mtd2l6EAMyBwgAEEYQ-wEyBggAEBYQHjIFCAAQhgMyBQgAEIYDMgUIABCGAzIFCAAQhgM6BwgjELADECc6BwgAELADEEM6BwguELADEEM6AggAOgQIABBDOggIABAWEAoQHlDZR1j6Y2CKZWgBcAJ4AIABrwGIAZIIkgEDNC41mAEAoAEBqgEHZ3dzLXdpesgBCsABAQ&sclient=gws-wiz&ved=0ahUKEwiBzJuv1LzvAhV8RzABHQXJDO0Q4dUDCA0&uact=5","the royal society founded - Google Search","2021-03-19 11:21:56"
"https://www.google.com/search?q=the+royal+society&rlz=1C1CHBF_enUS909US909&oq=the+royal+society&aqs=chrome..69i57j0j46i20i263j0l7.3335j0j7&sourceid=chrome&ie=UTF-8","","2021-03-19 11:21:41"
"https://royalsociety.org/","Welcome to the Royal Society | Royal Society","2021-03-19 11:21:40"
"https://royalsociety.org/about-us","About us | History of the Royal Society | Royal Society","2021-03-19 11:21:36"
"https://royalsociety.org/about-us/","About us | History of the Royal Society | Royal Society","2021-03-19 11:21:36"
"https://www.google.com/search?q=euler&tbm=isch&ved=2ahUKEwixnovP07zvAhUEKFMKHS6AD28Q2-cCegQIABAA&oq=euler&gs_lcp=CgNpbWcQAzIHCAAQsQMQQzIECAAQQzIFCAAQsQMyBQgAELEDMgQIABBDMggIABCxAxCDATIFCAAQsQMyAggAMgIIADICCAA6BAgjECc6BAgAEANQz_kFWOSBBmCUgwZoAXAAeACAAWCIAYAEkgEBNpgBAKABAaoBC2d3cy13aXotaW1nsAEAwAEB&sclient=img&ei=u8BUYPHUNYTQzAKugL74Bg&bih=754&biw=1536&rlz=1C1CHBF_enUS909US909#imgrc=pMGlNLV2RkfzxM","euler - Google Search","2021-03-19 11:20:01"
"https://www.google.com/search?q=euler&tbm=isch&ved=2ahUKEwixnovP07zvAhUEKFMKHS6AD28Q2-cCegQIABAA&oq=euler&gs_lcp=CgNpbWcQAzIHCAAQsQMQQzIECAAQQzIFCAAQsQMyBQgAELEDMgQIABBDMggIABCxAxCDATIFCAAQsQMyAggAMgIIADICCAA6BAgjECc6BAgAEANQz_kFWOSBBmCUgwZoAXAAeACAAWCIAYAEkgEBNpgBAKABAaoBC2d3cy13aXotaW1nsAEAwAEB&sclient=img&ei=u8BUYPHUNYTQzAKugL74Bg&bih=754&biw=1536&rlz=1C1CHBF_enUS909US909","euler - Google Search","2021-03-19 11:20:00"
"https://www.google.com/search?q=gauss&rlz=1C1CHBF_enUS909US909&sxsrf=ALeKk02I4BpcxDjIQuykkIb_LWOCikvR4g:1616167098289&source=lnms&tbm=isch&sa=X&ved=2ahUKEwjK4KnO07zvAhXJSTABHYskBHwQ_AUoAXoECAEQAw&biw=1536&bih=754&dpr=1.25#imgrc=cpBDOhu1NSIePM","gauss - Google Search","2021-03-19 11:18:26"
"https://www.google.com/search?q=gauss&rlz=1C1CHBF_enUS909US909&sxsrf=ALeKk02I4BpcxDjIQuykkIb_LWOCikvR4g:1616167098289&source=lnms&tbm=isch&sa=X&ved=2ahUKEwjK4KnO07zvAhXJSTABHYskBHwQ_AUoAXoECAEQAw&biw=1536&bih=754&dpr=1.25","gauss - Google Search","2021-03-19 11:18:20"
"https://www.google.com/search?q=gauss&rlz=1C1CHBF_enUS909US909&oq=gauss&aqs=chrome..69i57j46i433j0i433l4j0i131i433j0i433l3.1190j0j7&sourceid=chrome&ie=UTF-8","gauss - Google Search","2021-03-19 11:18:19"
"https://psu.zoom.us/j/99378539283#success","Launch Meeting - Zoom","2021-03-19 11:17:45"
"https://psu.instructure.com/courses/2110832/modules/items/31830390","Course Zoom Link","2021-03-19 11:17:44"
"https://psu.zoom.us/j/99378539283","Launch Meeting - Zoom","2021-03-19 11:17:44"
"https://psu.instructure.com/courses/2110832","CAS 138T, Section 004: Rcl II (22111--UP---CRCAS-----138T------004-)","2021-03-19 11:17:40"
"https://auth.amersc.com/Account/Logout?logoutId=CfDJ8IZbmebqpwtOmSwpQSqq4s2sjarNAspN0iUXFYY7Xi-vjmSP9b7pvQ25FBDOiPzgiO3tHQ79-PkEOfucshZpD_5bB_WkOfF9piwoOkcapiJZ2Lz6y3ET393pTM4XLJClHsyaLzz-JMHafJXGGMd5gfuzJCIOzpZwQlHXpx_YYCrsZaGdH9Jxj8A3CDSMZKMJpgIXmMkdhl8pmb4o1JDFC-OjDDLRBgStaw6C-GVD-9V0WHQb6gkZMTowqu79VZI6xADI6N97PiyNjBQURcTeJjkrjuAbjM8jVf9G-FvyOp7yWRR4jeqCuDoxUGMJlrKWgT3rUhoj7UFSZU2WrGxV-doTwb-MKQS6HjxCmWwHCE3IRfG_DnVcVR2psLoPzDsA9C84BwbTwk_xZBH9gwDya67f6wWi5xjhx5iqW4ioiQbx5mxKE0ifTQ2nvdWasJAAXwKg1R0SXUW2bgDNzfUXo5KwNC4OU9NNedg-3-u3_tknsYBpMyrQeROqiLEV36h7KLXepwmbp7f0muZer4DNff23yfszkzxpdZQwFjA5kfR_aDNztEjnZn1K07u1kvbR05iXxWAjvdasf-iT_8-uPB0zwJpkD5iXTpfrjIZJOaw6blhzPlnneqEWd3gAsRh6HmFxgDTcAaz55HzCWr_uk2ke4ITp5liL1-VoV-QVlxPGytgTtlbubNasSel-0lf6Fw","AAA mature drivers course","1600-12-31 19:00:00"
"https://cornchipss.com/","cornchipss.com","1600-12-31 19:00:00"
"https://flowcv.io/app/resume/content","FlowCV","1600-12-31 19:00:00"
"https://next.inkarnate.com/maps/","Inkarnate - Create Fantasy Maps Online","1600-12-31 19:00:00"
"https://online.stat.psu.edu/stat414/lesson/introduction-stat-414","Introduction to STAT 414 | STAT 414","1600-12-31 19:00:00"
"https://pennstateu.grlcontent.com/compsci/page/farooquechapters","GRLContent","1600-12-31 19:00:00"
"https://psu.instructure.com/","Dashboard","1600-12-31 19:00:00"
"https://roll20.net/welcome","Roll20: Online virtual tabletop for pen and paper RPGs and board games","1600-12-31 19:00:00"
"https://www.dos.pa.gov/ProfessionalLicensing/BoardsCommissions/Medicine/Pages/default.aspx","Home","1600-12-31 19:00:00"
"https://www.gradescope.com/courses/221609","CMPSC 132 Dashboard | Gradescope","1600-12-31 19:00:00"
"https://www.lionpath.psu.edu/psc/CSPRD/EMPLOYEE/SA/c/PE_UI018_HB_STDNT.PE_UI018_HB_STDNT.GBL?Page=PE_UI018_HB_STDNT&Action=U","Student Home Base","1600-12-31 19:00:00"
"https://www.shc.psu.edu/srs/","Student Records System (SRS) | Schreyer Honors College (SHC) at Penn State","1600-12-31 19:00:00"
